Resort Name,State,Double Chairs,Quad Chairs,Surface Lifts,Base,Summit,Vertical Drop,Longest Run,Snow Making,Beginner,Intermediate,Advanced,Expert
49 Degrees North,"Washington, USA",5,1,1,3932ft,5774ft,1851ft,2mi,0ac,0.3,0.4,0.25,0.05
Afton Alps,"Minnesota, USA",14,1,4,1180ft,1530ft,350ft,0.5mi,250ac,0.42,0.42,0.17,0
Alpental,"Snoqualmie Pass, USA",3,0,1,3140ft,5420ft,2280ft,1.2mi,0ac,0.14,0.45,0.41,0
Alpine Valley,"Ohio, USA",1,1,1,1260ft,1500ft,230ft,0.2mi,72ac,0.33,0.34,0.33,0
Alpine Valley Resort,"Wisconsin, USA",1,0,5,1020ft,1260ft,388ft,0.2mi,90ac,0.4,0.4,0.2,0
Alpine Valley Ski Area,"Michigan, USA",5,1,6,126ft,500ft,240ft,0.2mi,100ac,0.34,0.36,0.3,0
Alta Ski Area,"Utah, USA",2,0,4,8530ft,10550ft,2020ft,1.3mi,50ac,0.25,0.4,0.35,0
Alyeska Resort,"Alaska, USA",0,2,2,250ft,2750ft,2500ft,1mi,480ac,0.11,0.52,0.37,0
Andes Tower Hills Ski Area,"Minnesota, USA",0,1,4,1330ft,1620ft,290ft,0.2mi,35ac,0.25,0.25,0.44,0.06
Angel Fire Resort,"New Mexico, USA",3,0,2,8600ft,10677ft,2077ft,3mi,230ac,0.21,0.56,0.23,0
Anthony Lakes Mountain Resort,"Oregon, USA",0,0,2,7100ft,8000ft,900ft,1.5mi,0ac,0.2,0.38,0.42,0
Appalachian Ski Mountain,"Boone, USA",1,2,2,3635ft,4000ft,365ft,0.5mi,27ac,0.25,0.5,0.25,0
Apple Mountain,"Michigan, USA",0,1,5,600ft,820ft,220ft,0mi,42ac,0.4,0.4,0.2,0
Arapahoe Basin Ski Area,"Colorado, USA",3,1,3,10520ft,13050ft,2530ft,1.5mi,125ac,0.07,0.22,0.45,0.26
Arizona Snowbowl,"Arizona, USA",1,2,2,9200ft,11500ft,2300ft,2mi,104ac,0.22,0.44,0.22,0.13
Aspen / Snowmass,"Aspen Snowmass, USA",10,2,12,7880ft,12510ft,4406ft,5.3mi,658ac,0.1,0.43,0.19,0.28
Attitash,"New Hampshire, USA",3,1,1,600ft,2350ft,1750ft,3mi,240ac,0.26,0.46,0.28,0
Bear Mountain,"California, USA",3,1,4,7140ft,8805ft,1665ft,1.5mi,198ac,0.16,0.47,0.28,0.09
Bear Valley,"California, USA",6,0,1,6600ft,8500ft,1900ft,1.2mi,100ac,0.25,0.4,0.35,0
Beaver Creek,"Colorado, USA",1,0,10,8100ft,11440ft,3340ft,2mi,650ac,0.19,0.42,0.22,0.17
Beaver Mountain,"Utah, USA",3,0,1,7232ft,8600ft,1600ft,0.8mi,0ac,0.35,0.4,0.25,0
Beech Mountain Resort,"Boone, USA",4,1,1,4675ft,5505ft,830ft,1mi,95ac,0.3,0.4,0.3,0
Belleayre,"New York, USA",2,1,2,2025ft,3429ft,1404ft,2.2mi,168ac,0.22,0.58,0.1,0.1
Berkshire East,"Massachusetts, USA",1,2,2,540ft,1720ft,1180ft,2mi,150ac,0.37,0.44,0.17,0.02
Big Boulder,"Pennsylvania, USA",5,0,1,1700ft,2175ft,600ft,0mi,55ac,1,0,0,0
Big Powderhorn Mountain,"Michigan, USA",9,0,1,1200ft,1800ft,600ft,1mi,228ac,0.3,0.42,0.24,0.03
Big Sky Resort,"Montana, USA",6,3,12,6800ft,11166ft,4350ft,6mi,400ac,0.15,0.25,0.42,0.18
Big Snow Resort - Blackjack,"Michigan, USA",4,0,2,385ft,850ft,465ft,1mi,86ac,0.16,0.32,0.44,0.08
Big Snow Resort - Indianhead Mountain,"Michigan, USA",5,1,2,1297ft,1935ft,638ft,1mi,150ac,0.19,0.31,0.41,0.09
Big Squaw Mountain Ski Resort,"Maine, USA",0,0,0,1750ft,3200ft,660ft,0.8mi,N/A,0.33,0.34,0.33,0
Bittersweet Ski Area,"Michigan, USA",0,1,4,450ft,850ft,350ft,0.2mi,100ac,0.3,0.4,0.3,0
Black Mountain,"New Hampshire, USA",1,0,3,1250ft,2350ft,1100ft,1.6mi,140ac,0.33,0.34,0.08,0.25
Blacktail Mountain Ski Area,"Montana, USA",2,0,1,5236ft,6676ft,1440ft,0.7mi,0ac,0.15,0.65,0.2,0
Blandford Ski Area,"Massachusetts, USA",3,0,2,1035ft,1685ft,465ft,0.5mi,82ac,0.4,0.5,0.1,0
Blue Hills Ski Area,"Massachusetts, USA",1,0,3,326ft,635ft,309ft,0mi,60ac,0.13,0.25,0.62,0
Blue Knob,"Pennsylvania, USA",2,0,1,2074ft,3146ft,1072ft,2mi,84ac,0.15,0.41,0.26,0.18
Blue Mountain Resort,"Pennsylvania, USA",3,1,9,460ft,1600ft,1082ft,1.2mi,164ac,0.41,0.13,0.13,0.33
Bluewood,"Washington, USA",0,0,1,4545ft,5670ft,1125ft,2mi,0ac,0.17,0.45,0.38,0
Bogus Basin,"Idaho, USA",3,0,4,5790ft,7590ft,1800ft,1.5mi,N/A,0.11,0.44,0.33,0.12
Bolton Valley,"Vermont, USA",3,2,1,1446ft,3150ft,1704ft,0.6mi,90ac,0.34,0.38,0.23,0.06
Boreal Mountain Resort,"California, USA",1,1,2,7200ft,7700ft,500ft,1mi,200ac,0.3,0.55,0.15,0
Boston Mills,"Ohio, USA",2,0,2,631ft,871ft,264ft,0.3mi,40ac,0.2,0.4,0.4,0
Bousquet Ski Area,"Massachusetts, USA",3,0,2,1125ft,1875ft,750ft,1mi,98ac,0.34,0.33,0.33,0
Boyne Highlands,"Michigan, USA",0,3,2,745ft,1290ft,552ft,1.2mi,400ac,0.35,0.29,0.35,0.02
Boyne Mountain Resort,"Michigan, USA",2,4,2,620ft,1120ft,500ft,1mi,380ac,0.29,0.41,0.29,0.01
Bradford Ski Area,"Massachusetts, USA",0,0,8,1300ft,1548ft,248ft,0.3mi,48ac,0.1,0.8,0.1,0
Brandywine,"Ohio, USA",2,2,5,631ft,871ft,240ft,0.3mi,85ac,0.27,0.27,0.46,0
Brantling Ski Slopes,"New York, USA",0,0,5,600ft,850ft,250ft,0.1mi,16ac,0.3,0.4,0.3,0
Breckenridge,"Colorado, USA",6,1,15,9600ft,12998ft,3398ft,3.5mi,600ac,0.11,0.31,0.24,0.34
Bretton Woods,"New Hampshire, USA",1,1,3,1600ft,3100ft,1500ft,2mi,400ac,0.25,0.29,0.3,0.16
Brian Head Resort,"Utah, USA",1,0,1,9600ft,11307ft,1707ft,0.6mi,216ac,0.3,0.35,0.32,0.03
Bridger Bowl,"Montana, USA",1,1,0,6100ft,8700ft,2600ft,3mi,100ac,0.12,0.28,0.18,0.42
Brighton Resort,"Utah, USA",0,1,1,8755ft,10500ft,1745ft,1.2mi,200ac,0.21,0.39,0.25,0.15
Bristol Mountain,"New York, USA",1,1,1,1000ft,2200ft,1200ft,2mi,148ac,0.35,0.45,0.2,0
Bromley Mountain,"Vermont, USA",4,1,3,1950ft,3284ft,1334ft,2.5mi,155ac,0.3,0.36,0.32,0.02
Bruce Mound,"Wisconsin, USA",0,0,4,1000ft,1375ft,375ft,0.5mi,30ac,0.17,0.17,0.5,0.16
Brundage Mountain Resort,"Idaho, USA",0,0,1,5840ft,7640ft,1800ft,3.2mi,2ac,0.2,0.5,0.1,0.2
Bryce Resort,"Virginia, USA",1,1,5,1250ft,1750ft,500ft,0.4mi,25ac,0.38,0.5,0.13,0
Buck Hill,"Minnesota, USA",0,2,5,919ft,1225ft,309ft,0.2mi,45ac,0.34,0.34,0.16,0.16
Buena Vista Ski Area,"Minnesota, USA",2,0,2,1280ft,1510ft,230ft,0.3mi,30ac,0.2,0.55,0.25,0
Buffalo Ski Club Ski Area,"New York, USA",2,0,4,2025ft,3429ft,500ft,0mi,150ac,0.2,0.46,0.34,0
Burke Mountain,"Vermont, USA",0,1,3,1210ft,3267ft,2011ft,2.2mi,125ac,0.11,0.46,0.34,0.09
Caberfae Peaks,"Michigan, USA",1,1,1,1060ft,1569ft,485ft,1.2mi,200ac,0.35,0.35,0.29,0
Camden Snow Bowl,"Maine, USA",1,0,1,150ft,1080ft,850ft,1mi,48ac,0.09,0.3,0.61,0
Camelback Mountain Resort,"Pennsylvania, USA",5,0,6,1250ft,2100ft,800ft,1mi,160ac,0.32,0.32,0.32,0.03
Campgaw Mountain,"New Jersey, USA",2,0,3,450ft,726ft,274ft,0.3mi,23ac,0.33,0.33,0.25,0.08
Canaan Valley Resort,"West Virginia, USA",0,1,2,3430ft,4280ft,850ft,1.2mi,75ac,0.19,0.36,0.43,0.02
Cannon Mountain,"New Hampshire, USA",1,2,3,1900ft,4080ft,2180ft,2.3mi,192ac,0.14,0.53,0.33,0
Cannonsburg,"Michigan, USA",1,1,7,850ft,1100ft,250ft,0.1mi,0ac,0.35,0.5,0.15,0
Cascade Mountain,"Wisconsin, USA",2,2,3,820ft,1280ft,460ft,1.1mi,175ac,0.4,0.38,0,0.22
Cataloochee Ski Area,"North Carolina, USA",1,1,2,4660ft,5400ft,740ft,1mi,50ac,0.44,0.39,0,0.17
Catamount,"New York, USA",2,1,3,1000ft,2000ft,1000ft,2mi,130ac,0.36,0.44,0.14,0.06
Chestnut Mountain Resort,"Illinois, USA",0,2,3,565ft,1040ft,475ft,0.2mi,139ac,0.3,0.4,0.2,0.1
Christie Mountain,"Wisconsin, USA",1,0,5,1300ft,1650ft,350ft,0.8mi,41ac,0.37,0.23,0.3,0.1
Christmas Mountain,"Wisconsin, USA",2,0,3,1000ft,1250ft,250ft,0.4mi,40ac,0.4,0.4,0.2,0
Coffee Mill Ski & Snowboard Resort,"Minnesota, USA",2,0,1,725ft,1150ft,425ft,1mi,35ac,0.35,0.29,0.07,0.29
Cooper,"Colorado, USA",1,0,2,10500ft,11700ft,1300ft,1mi,0ac,0.28,0.36,0.36,0
Cooper Spur,"Oregon, USA",1,0,1,3500ft,4000ft,350ft,0.1mi,0ac,0.4,0.6,0,0
Copper Mountain Resort,"Colorado, USA",4,0,8,9712ft,12313ft,2601ft,1.7mi,364ac,0.21,0.25,0.36,0.18
Cranmore Mountain Resort,"New Hampshire, USA",1,1,2,600ft,2000ft,1200ft,1mi,192ac,0.28,0.44,0.28,0
Crested Butte Mountain Resort,"Colorado, USA",2,2,5,9100ft,12162ft,3062ft,2.6mi,297ac,0.26,0.57,0.14,0.03
Crotched Mountain,"New Hampshire, USA",1,1,1,1050ft,2066ft,1016ft,1.2mi,100ac,0.28,0.4,0.32,0
Crystal Mountain,"Michigan, USA",0,3,2,757ft,1132ft,375ft,0.3mi,96ac,0.22,0.48,0.3,0
Crystal Mountain,"Washington, USA",2,1,1,757ft,1132ft,375ft,0.3mi,96ac,0.22,0.48,0.3,0
Dartmouth Skiway,"New Hampshire, USA",1,1,2,974ft,1943ft,969ft,1.1mi,54ac,0.21,0.5,0.25,0.04
Deer Mountain Ski Resort,"South Dakota, USA",1,0,2,6040ft,6850ft,940ft,1.6mi,50ac,0.29,0.48,0.24,0
Deer Valley Resort,"Park City, USA",2,1,0,6570ft,9570ft,3000ft,2.8mi,670ac,0.27,0.41,0.27,0.05
Devils Head,"Wisconsin, USA",6,3,2,495ft,995ft,500ft,1mi,260ac,0.3,0.4,0.3,0
Diamond Peak,"Nevada, USA",3,2,1,6700ft,8540ft,1840ft,2.5mi,492ac,0.1,0.42,0.48,0
Discovery Ski Area,"Montana, USA",2,0,1,5770ft,8150ft,2380ft,1.5mi,19ac,0.2,0.25,0.25,0.3
Dodge Ridge,"California, USA",5,1,4,6600ft,8200ft,1600ft,2mi,0ac,0.2,0.4,0.4,0
Donner Ski Ranch,"California, USA",5,0,2,7031ft,8012ft,750ft,1.5mi,60ac,0.25,0.5,0.25,0
Dry Hill Ski Area,"New York, USA",1,0,2,650ft,950ft,300ft,0.2mi,26ac,0.33,0.34,0.33,0
Eaglecrest Ski Area,"Alaska, USA",4,0,0,1200ft,2600ft,1540ft,2mi,60ac,0.2,0.4,0.3,0.1
Eagle Point,"Utah, USA",2,1,1,9100ft,10600ft,1500ft,0.9mi,0ac,0.2,0.35,0.45,0
Eagle Rock,"Pennsylvania, USA",3,0,0,1260ft,1810ft,550ft,1mi,0ac,0.5,0.07,0.43,0
Eldora Mountain Resort,"Colorado, USA",3,2,3,9200ft,10600ft,1600ft,3mi,680ac,0.19,0.46,0.17,0.17
Elk Mountain Ski Resort,"Pennsylvania, USA",5,1,1,1693ft,2693ft,1000ft,0.7mi,146ac,0.22,0.37,0.41,0
Elko SnoBowl,"Nevada, USA",1,0,1,6300ft,7000ft,700ft,1mi,2ac,0.08,0.9,0.01,0.01
Elm Creek Winter Recreation Area,"Minnesota, USA",0,0,3,868ft,928ft,60ft,1mi,20ac,0.2,0.6,0,0.2
Enchanted Forest Ski Area,"New Mexico, USA",0,0,0,9820ft,10078ft,400ft,2.5mi,0ac,0.3,0.5,0.02,0.18
Four Lakes,"Illinois, USA",0,0,7,400ft,500ft,100ft,0.1mi,9ac,0.4,0.3,0.3,0
Giants Ridge Resort,"Minnesota, USA",2,1,2,1472ft,1972ft,500ft,0.8mi,202ac,0.31,0.44,0.25,0
Gore Mountain,"New York, USA",2,2,4,998ft,3600ft,2537ft,4.5mi,425ac,0.1,0.5,0.35,0.05
Grand Geneva,"Wisconsin, USA",3,0,3,875ft,1086ft,211ft,0.2mi,30ac,0.4,0.3,0.2,0.1
Grand Targhee Resort,"Wyoming, USA",1,1,1,7851ft,9920ft,2270ft,2.7mi,0ac,0.33,0.37,0.25,0.05
Granite Gorge,"New Hampshire, USA",1,0,3,800ft,1325ft,525ft,0.5mi,39ac,0.35,0.35,0.15,0.15
Granite Peak Ski Area,"Wisconsin, USA",0,0,2,1242ft,1942ft,700ft,0.6mi,160ac,0.3,0.35,0.3,0.05
Great Divide,"Montana, USA",5,0,1,5750ft,7330ft,1580ft,3mi,150ac,0.1,0.45,0.45,0
Greek Peak,"New York, USA",4,1,2,1148ft,2100ft,952ft,1.5mi,184ac,0.48,0.21,0.24,0.07
Gunstock,"New Hampshire, USA",0,2,2,900ft,2300ft,1400ft,1.5mi,176ac,0.12,0.61,0,0.27
Heavenly Mountain Resort,"California, USA",3,1,8,6565ft,10067ft,3502ft,5.5mi,3360ac,0.2,0.45,0.3,0.05
Hickory Ski Center,"New York, USA",0,0,3,700ft,1900ft,1200ft,1mi,0ac,0.3,0.3,0.4,0
Hidden Valley Ski Area,"Missouri, USA",0,2,3,2316ft,2566ft,310ft,0.1mi,30ac,0.3,0.35,0.35,0
Hilltop Ski Area,"Alaska, USA",0,0,2,1796ft,2090ft,294ft,1mi,30ac,0.8,0.1,0,0.1
Hogadon Basin,"Wyoming, USA",1,0,1,7400ft,8000ft,600ft,0.6mi,32ac,0.08,0.31,0.38,0.23
Holiday Mountain,"New York, USA",1,1,2,1150ft,1550ft,400ft,0.4mi,37ac,0.3,0.27,0.31,0.12
Holiday Valley,"New York, USA",0,8,2,1500ft,2250ft,750ft,1mi,266ac,0.37,0.25,0.37,0.02
Holimont Ski Area,"New York, USA",3,1,1,1560ft,2260ft,700ft,1.5mi,135ac,0.26,0.28,0.45,0
Homewood Mountain Resort,"California, USA",0,0,4,6230ft,7880ft,1650ft,2mi,126ac,0.15,0.5,0.25,0.1
Hoodoo Ski Area,"Oregon, USA",1,3,0,4668ft,5703ft,1035ft,0.4mi,0ac,0.3,0.3,0.4,0
Howelsen Hill,"Colorado, USA",1,0,3,6696ft,7136ft,440ft,6mi,25ac,0.2,0.3,0.5,0
Hunter Mountain,"New York, USA",2,2,3,1600ft,3200ft,1600ft,2mi,240ac,0.28,0.24,0.33,0.16
Hunt Hollow Ski Club,"New York, USA",1,0,2,1000ft,2030ft,825ft,1mi,400ac,0.32,0.21,0.37,0.11
Hyland Ski & Snowboard Area,"Minnesota, USA",0,2,5,900ft,1075ft,175ft,1mi,35ac,0.4,0.4,0.2,0
Jack Frost,"Pennsylvania, USA",5,1,1,1400ft,2000ft,600ft,1mi,100ac,1,0,0,0
Jackson Hole,"Wyoming, USA",1,4,0,6311ft,10450ft,4139ft,4.5mi,160ac,0.09,0.34,0.41,0.17
Jay Peak,"Vermont, USA",1,3,2,1815ft,3968ft,2153ft,3mi,300ac,0.19,0.41,0.41,0
Jiminy Peak,"Massachusetts, USA",1,2,2,1230ft,2380ft,1150ft,2mi,163ac,0.53,0.27,0.13,0.07
June Mountain,"California, USA",4,0,1,7510ft,10174ft,2664ft,2mi,N/A,0.35,0.45,0.2,0
Kelly Canyon Ski Area,"Idaho, USA",4,0,2,5600ft,6600ft,1000ft,1.3mi,0ac,0.35,0.45,0.2,0
Keystone,"Colorado, USA",2,1,8,9280ft,12408ft,3128ft,3.5mi,662ac,0.12,0.39,0.49,0
Killington Resort,"Vermont, USA",1,4,6,1165ft,4241ft,3050ft,6mi,500ac,0.28,0.33,0.24,0.15
King Pine,"New Hampshire, USA",0,0,3,500ft,850ft,350ft,0.3mi,45ac,0.44,0.31,0.1,0.15
Kirkwood,"California, USA",1,1,5,7800ft,9800ft,2000ft,2.5mi,200ac,0.12,0.3,0.38,0.2
Kissing Bridge,"New York, USA",4,2,3,1150ft,1700ft,550ft,0.5mi,550ac,0.2,0.5,0.3,0
Labrador Mt.,"New York, USA",2,0,1,1125ft,1825ft,700ft,1mi,237ac,0.33,0.34,0.33,0
Lee Canyon,"Nevada, USA",0,2,0,8510ft,11289ft,860ft,0.3mi,50ac,0.2,0.6,0.2,0
Liberty,"Pennsylvania, USA",0,5,3,570ft,1190ft,620ft,1mi,100ac,0.35,0.4,0,0.25
Little Switzerland,"Wisconsin, USA",4,0,4,1069ft,1269ft,200ft,1mi,50ac,0.39,0.33,0,0.28
Lookout Pass Ski Area,"Idaho, USA",3,0,0,4500ft,5650ft,1150ft,1.5mi,0ac,0.09,0.49,0.34,0.09
Loon Mountain,"New Hampshire, USA",3,1,3,950ft,3050ft,2100ft,2.5mi,322ac,0.2,0.6,0.17,0.03
Lost Trail - Powder Mtn,"Montana, USA",5,0,0,6400ft,8200ft,1800ft,2.5mi,0ac,0.2,0.6,0.2,0
Lost Valley,"Maine, USA",2,0,0,255ft,495ft,240ft,0.3mi,45ac,0.47,0.2,0.33,0
Loveland,"Colorado, USA",2,3,1,10800ft,13010ft,2210ft,2mi,160ac,0.13,0.41,0.2,0.26
Lutsen Mountains,"Minnesota, USA",4,0,1,800ft,1688ft,825ft,2mi,231ac,0.1,0.58,0.24,0.08
Mad River Glen,"Vermont, USA",2,0,1,1600ft,3637ft,2037ft,1mi,16ac,0.2,0.35,0.45,0
Mad River Mountain,"Ohio, USA",3,1,6,1160ft,1460ft,300ft,0.5mi,144ac,0.33,0.19,0.47,0.02
Magic Mountain,"Vermont, USA",1,0,2,1350ft,2850ft,1500ft,1.6mi,95ac,0.3,0.3,0.15,0.25
Magic Mountain Ski Area,"Idaho, USA",1,0,2,6500ft,7200ft,700ft,1.5mi,0ac,0.25,0.25,0.2,0.3
Mammoth Mountain Ski Area,"California, USA",4,1,3,7953ft,11053ft,3100ft,3mi,700ac,0.25,0.4,0.2,0.15
Maple Ski Ridge,"New York, USA",1,0,1,750ft,1200ft,450ft,0.3mi,25ac,0.11,0.44,0.44,0
Marquette Mountain,"Michigan, USA",2,0,1,757ft,1357ft,600ft,0.7mi,143ac,0.15,0.5,0.35,0
Massanutten,"Virginia, USA",0,3,4,1750ft,2925ft,1110ft,0.8mi,70ac,0.21,0.57,0.21,0
Maverick Mountain,"Montana, USA",1,0,1,6500ft,8520ft,2020ft,1.3mi,0ac,0.3,0.4,0.3,0
McCauley Mountain Ski Center,"New York, USA",1,0,4,1563ft,2250ft,633ft,0.3mi,55ac,0.26,0.43,0.3,0
Meadowlark Ski Lodge,"Wyoming, USA",1,0,1,8500ft,9500ft,1000ft,1.5mi,N/A,0.3,0.3,0.2,0.2
Mission Ridge,"Washington, USA",3,0,2,4570ft,6820ft,2250ft,0.8mi,66ac,%,%,%,0
Mohawk Mountain,"Connecticut, USA",0,0,3,950ft,1600ft,650ft,1.5mi,100ac,0.3,0.5,0.2,0
Monarch Mountain,"Colorado, USA",4,1,1,10790ft,11952ft,1162ft,1mi,0ac,0.23,0.28,0.36,0.13
Montage Mountain,"Pennsylvania, USA",1,1,2,960ft,1960ft,1000ft,1.2mi,140ac,0.35,0.3,0.2,0.15
Montana Snowbowl,"Montana, USA",2,0,2,5000ft,7600ft,2600ft,1.2mi,20ac,0.2,0.4,0.4,0
Mont Ripley,"Michigan, USA",2,0,2,700ft,1140ft,440ft,0.8mi,112ac,0.21,0.29,0.42,0.08
Mountain Creek Resort,"New Jersey, USA",1,1,2,440ft,1480ft,1040ft,2mi,167ac,0.17,0.63,0.2,0
Mountain High,"California, USA",5,2,3,6600ft,8200ft,1600ft,1.6mi,275ac,0.2,0.42,0.34,0.03
Mount Bohemia,"Michigan, USA",1,0,0,600ft,1500ft,900ft,1.5mi,0ac,0,0.01,0.88,0.11
Mount Holly,"Michigan, USA",1,2,6,755ft,1105ft,350ft,0.1mi,100ac,0.3,0.5,0.2,0
Mount Kato Ski Area,"Minnesota, USA",3,5,2,300ft,540ft,240ft,1mi,55ac,0.21,0.42,0.37,0
Mount La Crosse,"Wisconsin, USA",3,0,1,594ft,1110ft,516ft,0.4mi,100ac,0.3,0.2,0.4,0.1
Mount Peter Ski Area,"New York, USA",3,0,2,750ft,1250ft,450ft,1mi,69ac,0.43,0.21,0.21,0.14
Mount Pleasant of Edinboro,"Pennsylvania, USA",0,0,1,1200ft,1540ft,340ft,0.5mi,35ac,0.22,0.56,0.22,0
Mount Snow,"Vermont, USA",4,1,5,1900ft,3600ft,1700ft,3mi,480ac,0.14,0.73,0.13,0
Mount Southington Ski Area,"Connecticut, USA",2,0,3,100ft,525ft,425ft,0.3mi,51ac,0.43,0.43,0.14,0
Mount Sunapee,"New Hampshire, USA",1,1,4,1233ft,2743ft,1510ft,0.8mi,215ac,0.26,0.49,0.25,0
Mt. Abram Ski Resort,"Maine, USA",2,0,3,1050ft,2250ft,1150ft,0.5mi,175ac,0.19,0.41,0.26,0.15
Mt. Ashland,"Oregon, USA",2,0,1,6350ft,7500ft,1150ft,1mi,0ac,0.05,0.2,0.5,0.25
Mt. Bachelor,"Oregon, USA",0,0,0,5700ft,9065ft,3365ft,4mi,20ac,0.14,0.35,0.3,0.22
Mt. Baker,"Washington, USA",0,8,0,3589ft,5089ft,1500ft,0.7mi,0ac,0.24,0.45,0,0.31
Mt. Baldy,"California, USA",4,0,0,6500ft,8600ft,2100ft,2.5mi,80ac,0.2,0.4,0.2,0.2
Mt. Brighton,"Michigan, USA",0,2,7,1100ft,1330ft,230ft,0.1mi,130ac,0.3,0.4,0.3,0
Mt. Crescent Ski Area,"Iowa, USA",1,1,0,1200ft,1500ft,300ft,0.2mi,50ac,0.18,0.45,0.27,0.09
Mt. Holiday Ski Area,"Michigan, USA",2,0,2,240ft,440ft,200ft,0.1mi,45ac,0.3,0.4,0.3,0
Mt. Hood Meadows,"Oregon, USA",6,0,2,4523ft,7300ft,2777ft,3mi,0ac,0.15,0.5,0.2,0.15
Mt. Hood Ski Bowl,"Oregon, USA",4,0,5,3600ft,5100ft,1500ft,3mi,29ac,0.2,0.4,0.25,0.15
Mt. Jefferson,"Maine, USA",0,0,3,351ft,753ft,432ft,0.3mi,0ac,0.33,0.34,0.33,0
Mt. Rose - Ski Tahoe,"Nevada, USA",0,2,2,8260ft,9700ft,1800ft,2.5mi,330ac,0.2,0.3,0.4,0.1
Mt. Shasta Ski Park,"California, USA",0,0,1,5500ft,6890ft,1435ft,1.1mi,225ac,0.2,0.55,0.25,0
Mt. Spokane Ski and Snowboard Park,"Washington, USA",5,0,0,3818ft,5889ft,2000ft,0.6mi,0ac,0.23,0.32,0.45,0
Mulligan's Hollow Ski Bowl,"Michigan, USA",0,0,5,570ft,700ft,130ft,0.2mi,10ac,0.25,0.25,0.25,0.25
Nashoba Valley,"Massachusetts, USA",1,0,7,200ft,440ft,240ft,0.5mi,52ac,0.24,0.47,0.29,0
New Hermon Mountain,"Maine, USA",1,0,2,100ft,450ft,350ft,1.9mi,70ac,0.4,0.3,0.3,0
Nordic Mountain,"Wisconsin, USA",1,0,5,872ft,1137ft,265ft,1mi,60ac,0.28,0.28,0.33,0.11
Nordic Valley Resort,"Utah, USA",2,0,2,5440ft,6400ft,960ft,0.4mi,44ac,0.3,0.4,0.3,0
Northstar California,"California, USA",0,1,7,6330ft,8610ft,2280ft,1.4mi,1500ac,0.16,0.47,0.37,0
Norway Mountain,"Michigan, USA",2,0,3,835ft,1335ft,500ft,1.4mi,186ac,0.06,0.33,0.33,0.28
Nubs Nob Ski Area,"Michigan, USA",2,3,1,911ft,1338ft,427ft,0.9mi,248ac,0.3,0.5,0.2,0
Oak Mountain,"New York, USA",0,1,2,1750ft,2400ft,650ft,1.2mi,18ac,0.45,0.27,0.18,0.09
Ober Gatlinburg Ski Resort,"Tennessee, USA",1,2,1,2700ft,3300ft,600ft,1mi,N/A,0.2,0.6,0.2,0
Okemo Mountain Resort,"Vermont, USA",0,5,7,1144ft,3344ft,2200ft,4mi,654ac,0.32,0.37,0.23,0.08
Otis Ridge Ski Area,"Massachusetts, USA",1,0,3,1300ft,1700ft,400ft,1mi,55ac,0.3,0.4,0.3,0
Pajarito Mountain Ski Area,"New Mexico, USA",3,1,1,9031ft,10441ft,1410ft,0.6mi,35ac,0.2,0.5,0.3,0
Paoli Peaks,"Indiana, USA",1,1,2,600ft,900ft,300ft,0.4mi,65ac,0.47,0.33,0.13,0.07
Park City,"Park City, USA",4,6,5,6800ft,10000ft,3200ft,3.5mi,500ac,0.08,0.42,0.32,0.18
Pats Peak,"New Hampshire, USA",2,0,5,690ft,1460ft,770ft,1.5mi,115ac,0.5,0.21,0.11,0.18
Pebble Creek Ski Area,"Idaho, USA",0,0,0,6360ft,8560ft,2200ft,1.3mi,30ac,0.12,0.35,0.43,0.1
Peek'n Peak,"New York, USA",0,0,2,1400ft,1800ft,400ft,2.4mi,110ac,0.3,0.45,0.15,0.1
Perfect North Slopes,"Indiana, USA",0,2,6,400ft,800ft,400ft,1mi,100ac,0.2,0.5,0.2,0.1
Pico Mountain,"Vermont, USA",2,0,1,2000ft,3967ft,1967ft,4mi,156ac,0.18,0.46,0.33,0.03
Pine Knob Ski Resort,"Michigan, USA",0,0,6,1009ft,1308ft,300ft,1mi,80ac,0.2,0.2,0.4,0.2
Pine Mountain,"Michigan, USA",2,0,2,1150ft,1650ft,500ft,0.5mi,160ac,0.2,0.55,0.25,0
Plattekill Mountain,"New York, USA",1,0,2,2400ft,3500ft,1100ft,2mi,75ac,0.2,0.4,0.2,0.2
Pomerelle Mountain Resort,"Idaho, USA",1,0,1,8000ft,9000ft,1000ft,1.5mi,50ac,0.4,0.4,0.2,0
Powderhorn,"Colorado, USA",2,0,1,8200ft,9850ft,1650ft,1.5mi,21ac,0.2,0.5,0.2,0.1
Powder Mountain,"Utah, USA",0,4,3,6900ft,9422ft,2522ft,3.5mi,0ac,0.25,0.4,0.35,0
Powder Ridge Park,"Connecticut, USA",2,0,2,170ft,720ft,550ft,0.5mi,68ac,0.42,0.37,0.21,0
Powder Ridge Ski Area,"Minnesota, USA",2,1,3,500ft,790ft,300ft,0mi,60ac,0.4,0.4,0.2,0
Purgatory,"Colorado, USA",3,0,3,8793ft,10822ft,2029ft,1.3mi,250ac,0.2,0.45,0.3,0.05
Ragged Mountain Resort,"New Hampshire, USA",1,0,3,1000ft,2250ft,1250ft,0.7mi,200ac,0.23,0.3,0.39,0.07
Red Lodge Mountain,"Montana, USA",3,0,1,7016ft,9416ft,2400ft,2.5mi,496ac,0.18,0.28,0.35,0.18
Red River,"New Mexico, USA",1,1,2,8750ft,10350ft,1600ft,2.5mi,225ac,0.32,0.38,0.3,0
Roundtop Mountain Resort,"Pennsylvania, USA",0,3,3,800ft,1400ft,600ft,0.4mi,103ac,0.2,0.25,0.4,0.15
Royal Mountain Ski Area,"New York, USA",3,0,0,1250ft,1800ft,550ft,0.3mi,28ac,0.33,0.34,0.33,0
Saddleback Inc.,"Maine, USA",2,2,1,2460ft,4120ft,2000ft,3.1mi,125ac,0.35,0.3,0.25,0.1
Sandia Peak,"New Mexico, USA",4,0,1,8678ft,10378ft,1700ft,2mi,30ac,0.31,0.46,0.23,0
Sapphire Valley,"North Carolina, USA",0,1,2,3200ft,3450ft,200ft,1mi,8ac,0,0,0,0
Schweitzer,"Idaho, USA",3,0,2,4000ft,6400ft,2400ft,2.1mi,47ac,0.1,0.4,0.35,0.15
Seven Oaks,"Iowa, USA",0,0,2,800ft,975ft,275ft,1mi,35ac,0.25,0.5,0.25,0
Seven Springs,"Pennsylvania, USA",0,3,4,2240ft,2994ft,750ft,1.2mi,285ac,0.36,0.42,0.18,0.03
Shanty Creek Resorts – Schuss Mountain,"Michigan, USA",0,5,3,675ft,1125ft,450ft,1mi,70ac,0.31,0.26,0.43,0
Shanty Creek Resorts – Summit Mountain,"Michigan, USA",2,0,1,675ft,1125ft,450ft,1mi,N/A,0.18,0.45,0.36,0
Shawnee Mountain Ski Area,"Pennsylvania, USA",4,1,4,650ft,1350ft,700ft,1.6mi,125ac,0.26,0.48,0.26,0
Shawnee Peak,"Maine, USA",1,1,1,600ft,1900ft,1350ft,0.8mi,234ac,0.25,0.45,0.2,0.1
Showdown Montana,"Montana, USA",2,0,1,6800ft,8200ft,1400ft,1.8mi,0ac,0.28,0.44,0.28,0
Sierra-at-Tahoe,"California, USA",5,0,5,6640ft,8852ft,2212ft,2.5mi,200ac,0.25,0.5,0.15,0.1
Silver Mountain,"Idaho, USA",2,1,1,4100ft,6300ft,2200ft,2.5mi,225ac,0.2,0.4,0.3,0.1
Silverton Mountain,"Colorado, USA",1,0,0,10400ft,13487ft,3087ft,1.5mi,0ac,0,0,0,1
Sipapu Ski Resort,"New Mexico, USA",0,1,3,8200ft,9255ft,1055ft,0.5mi,140ac,0.2,0.4,0.3,0.1
Ski Apache,"New Mexico, USA",0,2,2,9600ft,11500ft,1900ft,2mi,270ac,0.18,0.55,0.27,0
Ski Big Bear,"Pennsylvania, USA",4,0,2,600ft,1250ft,650ft,1.5mi,26ac,0.33,0.28,0.33,0.06
Ski Brule,"Michigan, USA",5,0,6,1360ft,1860ft,500ft,1mi,150ac,0.35,0.35,0.24,0.06
Ski Butternut,"Massachusetts, USA",1,3,6,800ft,1800ft,1000ft,1.5mi,110ac,0.2,0.6,0.2,0
Ski China Peak,"California, USA",3,0,4,7030ft,8709ft,1679ft,2.2mi,150ac,0.11,0.28,0.33,0.28
Ski Granby Ranch,"Colorado, USA",1,0,1,8202ft,9202ft,1000ft,0.6mi,170ac,0.36,0.4,0.24,0
Ski Santa Fe,"New Mexico, USA",2,1,2,10350ft,12075ft,1725ft,3mi,275ac,0.2,0.4,0.35,0.05
Ski Sawmill,"Pennsylvania, USA",1,0,3,1700ft,2215ft,515ft,0.1mi,13ac,0.35,0.25,0.4,0
Ski Snowstar Winter Sports Park,"Illinois, USA",2,2,2,528ft,790ft,262ft,0.8mi,28ac,0.13,0.2,0.27,0.4
Ski Sundown,"Connecticut, USA",0,0,2,450ft,1075ft,625ft,1mi,70ac,0.5,0.25,0.19,0.06
Ski Ward,"Massachusetts, USA",0,0,3,210ft,420ft,210ft,0.2mi,45ac,0.3,0.5,0.2,0
Sleeping Giant Ski Resort,"Wyoming, USA",1,0,1,6619ft,7428ft,810ft,1mi,18ac,0.15,0.38,0.35,0.13
Smugglers' Notch Resort,"Vermont, USA",6,0,2,1030ft,3640ft,2610ft,3mi,192ac,0.19,0.5,0.25,0.06
Snowbasin,"Utah, USA",0,0,2,6400ft,9350ft,2950ft,3.5mi,625ac,0.11,0.43,0.24,0.22
Snowbird,"Utah, USA",6,0,1,7760ft,11000ft,3240ft,2.5mi,0ac,0.27,0.38,0.2,0.15
Snow Creek,"Missouri, USA",1,0,2,800ft,1100ft,300ft,0.3mi,30ac,0.22,0.39,0.39,0
Snow King Resort,"Wyoming, USA",1,1,0,6237ft,7808ft,1571ft,1mi,250ac,0.15,0.25,0.2,0.4
Snow Ridge,"New York, USA",4,0,2,1350ft,2000ft,650ft,0.8mi,65ac,0.14,0.33,0.33,0.19
Snowshoe Mountain Resort,"West Virginia, USA",0,2,3,3348ft,4848ft,1500ft,1.5mi,256ac,0.36,0.33,0.19,0.03
Snow Snake Mountain Ski Area,"Michigan, USA",0,0,5,1020ft,1230ft,210ft,0mi,40ac,0.3,0.5,0.2,0
Snow Summit,"California, USA",5,0,5,7000ft,8200ft,1200ft,1.2mi,240ac,0.13,0.65,0.13,0.1
Snow Trails,"Ohio, USA",2,0,3,1174ft,1475ft,301ft,0.2mi,80ac,0.2,0.6,0.2,0
Snow Valley,"California, USA",6,0,1,6800ft,7841ft,1041ft,1.2mi,188ac,0.14,0.46,0.32,0.07
Snowy Range Ski & Recreation Area,"Wyoming, USA",3,0,1,8798ft,9663ft,990ft,0.7mi,30ac,0.3,0.4,0.3,0
Soda Springs,"California, USA",1,0,2,6700ft,7352ft,652ft,0.4mi,20ac,0.23,0.31,0.46,0
Soldier Mountain Ski Area,"Idaho, USA",2,0,1,5800ft,7200ft,1400ft,0.4mi,0ac,0.2,0.5,0.1,0.2
Solitude Mountain Resort,"Utah, USA",1,2,0,8005ft,10035ft,2030ft,3mi,150ac,0.1,0.4,0.36,0.14
Song Mountain,"New York, USA",1,0,3,1240ft,1940ft,700ft,0.4mi,70ac,0.5,0.29,0.13,0.08
Spirit Mountain,"Minnesota, USA",1,1,2,620ft,1320ft,700ft,1mi,175ac,0.32,0.41,0.27,0
Spout Springs,"Oregon, USA",2,0,2,4850ft,5500ft,610ft,0.1mi,0ac,0.45,0.35,0.2,0
Spring Mountain Ski Area,"Pennsylvania, USA",3,0,2,78ft,528ft,450ft,0.2mi,45ac,0.37,0.5,0.13,0
Squaw Valley - Alpine Meadows,"California, USA",10,1,7,6200ft,9050ft,2850ft,3.2mi,1000ac,0.25,0.42,0.33,0
Steamboat,"Colorado, USA",2,0,2,6900ft,10568ft,3668ft,3mi,375ac,0.14,0.42,0.44,0
Stevens Pass Resort,"Washington, USA",3,0,0,4061ft,5845ft,1800ft,1mi,0ac,0.06,0.48,0.28,0.18
Stowe Mountain Resort,"Vermont, USA",2,4,3,2035ft,4395ft,2360ft,3.7mi,388ac,0.16,0.55,0.15,0.14
Stratton Mountain,"Vermont, USA",1,3,2,1872ft,3875ft,2003ft,3mi,570ac,0.41,0.31,0.17,0.11
Sugar Bowl Resort,"California, USA",2,3,1,6883ft,8383ft,1500ft,3mi,375ac,0.17,0.45,0.26,0.12
Sugarbush,"Vermont, USA",4,2,3,1483ft,4083ft,2600ft,3mi,356ac,0.23,0.42,0.27,0.07
Sugarloaf,"Maine, USA",5,3,2,1417ft,4237ft,2820ft,3.5mi,618ac,0.23,0.34,0.28,0.16
Sugar Mountain Resort,"North Carolina, USA",4,0,2,4100ft,5300ft,1200ft,1.5mi,125ac,0.33,0.52,0.1,0.05
Suicide Six,"Vermont, USA",2,0,1,550ft,1200ft,650ft,0.4mi,50ac,0.3,0.4,0.3,0
Sunburst,"Wisconsin, USA",3,0,6,866ft,1100ft,214ft,0.5mi,37ac,0.15,0.46,0.31,0.08
Sundance,"Utah, USA",0,2,1,6100ft,8250ft,2150ft,0.6mi,112ac,0.35,0.45,0.19,0.01
Sunday River,"Maine, USA",1,5,1,825ft,3150ft,2340ft,3mi,552ac,0.21,0.32,0.23,0.23
Sundown Mountain,"Iowa, USA",2,1,2,584ft,1059ft,475ft,0.6mi,55ac,0.3,0.6,0,0.1
Sunlight Mountain Resort,"Colorado, USA",2,0,0,7885ft,9895ft,2010ft,2.5mi,21ac,0.2,0.55,0.2,0.05
Sunrise Park Resort,"Arizona, USA",1,2,0,9200ft,11100ft,1800ft,1.2mi,80ac,0.4,0.4,0.2,0
Sun Valley,"Idaho, USA",2,0,3,5750ft,9150ft,3400ft,4mi,645ac,0.36,0.42,0.2,0.02
Swain,"New York, USA",1,3,1,1320ft,1970ft,650ft,1mi,90ac,0.27,0.39,0.33,0
Swiss Valley,"Michigan, USA",0,2,4,975ft,1200ft,225ft,0.1mi,60ac,0.36,0.36,0.27,0
Tahoe Donner,"California, USA",1,1,3,6750ft,7350ft,600ft,1mi,0ac,0.4,0.6,0,0
Tamarack Resort,"Idaho, USA",0,2,2,4900ft,7700ft,2800ft,1.5mi,200ac,0.17,0.45,0.38,0
Taos Ski Valley,"New Mexico, USA",2,4,3,9207ft,12481ft,3274ft,5mi,647ac,0.24,0.25,0.33,0.18
Telluride,"Colorado, USA",2,1,4,8725ft,13150ft,4425ft,4.6mi,220ac,0.14,0.29,0.26,0.31
Terry Peak Ski Area,"South Dakota, USA",0,0,1,5900ft,7100ft,1100ft,1.2mi,225ac,0.2,0.5,0.15,0.15
Teton Pass Ski Resort,"Montana, USA",1,0,2,6190ft,7200ft,1010ft,3mi,0ac,0.15,0.35,0.4,0.1
The Homestead,"Michigan, USA",1,0,2,580ft,900ft,320ft,0.2mi,16ac,0.27,0.47,0.27,0
The Homestead Ski Area,"Virginia, USA",1,0,4,2500ft,3200ft,700ft,1mi,100ac,0.33,0.33,0.34,0
The Summit at Snoqualmie,"Snoqualmie Pass, USA",10,3,7,2640ft,5420ft,2280ft,0.8mi,5ac,0.17,0.37,0.37,0.1
Thunder Ridge,"New York, USA",2,0,3,770ft,1270ft,500ft,0.4mi,100ac,0.4,0.4,0.2,0
Timberline Four Seasons,"West Virginia, USA",1,0,1,3268ft,4268ft,1000ft,2mi,100ac,0.34,0.32,0.14,0.2
Timberline Lodge,"Oregon, USA",0,0,5,6000ft,8540ft,3690ft,2mi,0ac,0.25,0.5,0.25,0
Timber Ridge,"Michigan, USA",2,1,4,600ft,850ft,250ft,0.3mi,50ac,0.44,0.38,0,0.19
Titus Mountain,"New York, USA",6,0,2,825ft,2025ft,1200ft,2mi,150ac,0.34,0.38,0.22,0.06
Toggenburg Mountain,"New York, USA",1,0,3,1300ft,2000ft,700ft,0.4mi,0ac,0.33,0.33,0.34,0
Treetops Resort,"Michigan, USA",0,0,2,1120ft,1345ft,225ft,0.2mi,80ac,0.17,0.43,0.39,0
Trollhaugen,"Wisconsin, USA",1,2,5,920ft,1200ft,260ft,0.5mi,86ac,0.26,0.39,0.35,0
Tussey Mountain,"Pennsylvania, USA",1,1,3,1230ft,1750ft,520ft,0.3mi,30ac,0.4,0.4,0,0.2
Tyrol Basin,"Wisconsin, USA",0,0,2,860ft,1160ft,300ft,0.5mi,32ac,0.23,0.33,0.4,0.04
Vail,"Colorado, USA",0,1,9,8120ft,11570ft,3450ft,4mi,461ac,0.18,0.29,0.28,0.25
Villa Olivia,"Illinois, USA",0,1,6,320ft,500ft,180ft,0.1mi,15ac,0.4,0.4,0.1,0.1
Wachusett Mountain Ski Area,"Massachusetts, USA",0,0,4,1006ft,2006ft,1000ft,1.5mi,108ac,0.3,0.4,0.3,0
Waterville Valley,"New Hampshire, USA",3,0,4,1984ft,4004ft,2020ft,3mi,220ac,0.15,0.6,0.22,0.03
Welch Village,"Minnesota, USA",4,3,2,700ft,1060ft,360ft,0.8mi,125ac,0.31,0.5,0.15,0.04
West Mountain,"New York, USA",2,0,2,460ft,1470ft,1010ft,0.6mi,105ac,0.36,0.55,0.09,0
Whaleback Mountain,"New Hampshire, USA",1,0,2,1100ft,1800ft,700ft,1mi,60ac,0.23,0.41,0.23,0.13
Whitecap Mountain,"Wisconsin, USA",4,1,2,1295ft,1750ft,400ft,1mi,300ac,0.33,0.33,0.22,0.12
Whiteface Mountain Resort,"New York, USA",5,1,1,1220ft,4650ft,3430ft,2.1mi,220ac,0.2,0.42,0.38,0
Whitefish Mountain Resort,"Montana, USA",0,2,3,4464ft,6817ft,2353ft,3.3mi,600ac,0.12,0.4,0.42,0.06
White Pass,"Washington, USA",2,1,2,4500ft,6550ft,2050ft,2.5mi,30ac,0.2,0.6,0.2,0
White Pine Ski Area,"Wyoming, USA",0,0,0,8400ft,9500ft,1100ft,0.4mi,0ac,0.28,0.32,0.4,0
Whitetail Resort,"Pennsylvania, USA",2,3,2,865ft,1800ft,935ft,1mi,120ac,0.32,0.45,0.23,0
Wildcat Mountain,"New Hampshire, USA",0,0,1,1950ft,4062ft,2112ft,2.8mi,200ac,0.21,0.46,0.33,0
Wild Mountain Ski & Snowboard Area,"Minnesota, USA",0,4,4,813ft,1113ft,300ft,0.9mi,100ac,0.3,0.33,0.33,0.04
Willamette Pass,"Oregon, USA",0,0,1,5120ft,6683ft,1563ft,2.1mi,60ac,0.21,0.45,0.1,0.24
Willard Mountain,"New York, USA",2,0,3,910ft,1415ft,505ft,0.4mi,35ac,0.3,0.4,0.3,0
Wilmot Mountain,"Wisconsin, USA",2,3,3,800ft,1030ft,230ft,0.5mi,135ac,0.4,0.35,0.25,0
Windham Mountain,"New York, USA",1,0,5,1500ft,3100ft,1600ft,2mi,280ac,0.3,0.43,0.16,0.11
Wintergreen Resort,"Virginia, USA",1,1,0,2512ft,3515ft,1003ft,1mi,129ac,0.23,0.35,0.42,0
Winter Park Resort,"Colorado, USA",6,0,5,9000ft,12060ft,3060ft,4.6mi,299ac,0.24,0.38,0.34,0.05
Winterplace Ski Resort,"West Virginia, USA",2,2,2,2997ft,3600ft,603ft,1.2mi,90ac,0.37,0.4,0.23,0
Wisp,"Maryland, USA",0,2,5,2415ft,3115ft,700ft,1.5mi,118ac,0.35,0.38,0.27,0
Wolf Creek Ski Area,"Colorado, USA",1,1,3,10300ft,11904ft,1604ft,2mi,5ac,0.2,0.25,0.35,0.2
Wolf Ridge Ski Resort,"North Carolina, USA",1,1,2,4000ft,4700ft,720ft,0.6mi,65ac,0.27,0.6,0.13,0
Woodbury Ski Area,"Connecticut, USA",1,0,4,430ft,730ft,300ft,0.2mi,50ac,0.25,0.25,0.25,0.25
Woods Valley Ski Area,"New York, USA",2,0,4,900ft,1400ft,500ft,0.3mi,16ac,0.2,0.6,0.2,0
Yawgoo Valley,"Rhode Island, USA",2,0,2,70ft,315ft,245ft,0.2mi,30ac,0.3,0.4,0.3,0
Yosemite Ski & Snowboard Area,"California, USA",3,0,1,7200ft,7800ft,600ft,0.4mi,0ac,0.35,0.5,0.15,0
